{"cameraMode":{"drawMode":0,"name":"Shaded","section":"Shading Mode"},"sceneLighting":false,"audioPlay":false,"sceneViewState":{"m_AlwaysRefresh":false,"showFog":true,"showSkybox":false,"showFlares":true,"showImageEffects":true,"showParticleSystems":true,"showVisualEffectGraphs":true,"m_FxEnabled":true},"in2DMode":false,"pivot":{"x":-1.628009557723999,"y":7.045515060424805,"z":-14.267589569091797},"rotation":{"x":0.1674417406320572,"y":0.029872911050915719,"z":-0.005084165371954441,"w":0.9854350090026856},"size":1.2247449159622193,"orthographic":false}