{"cameraMode":{"drawMode":0,"name":"Shaded","section":"Shading Mode"},"sceneLighting":false,"audioPlay":false,"sceneViewState":{"m_AlwaysRefresh":false,"showFog":true,"showSkybox":false,"showFlares":true,"showImageEffects":true,"showParticleSystems":true,"showVisualEffectGraphs":true,"m_FxEnabled":true},"in2DMode":false,"pivot":{"x":15.020235061645508,"y":-0.16077423095703126,"z":-3.8991799354553224},"rotation":{"x":0.1820475310087204,"y":0.05042502284049988,"z":-0.009358236566185952,"w":0.9819709658622742},"size":11.098834991455079,"orthographic":false}