{"cameraMode":{"drawMode":0,"name":"Shaded","section":"Shading Mode"},"sceneLighting":false,"audioPlay":false,"sceneViewState":{"m_AlwaysRefresh":false,"showFog":true,"showSkybox":false,"showFlares":true,"showImageEffects":true,"showParticleSystems":true,"showVisualEffectGraphs":true,"m_FxEnabled":true},"in2DMode":false,"pivot":{"x":-4.225363731384277,"y":2.7636513710021974,"z":-22.157621383666993},"rotation":{"x":0.1820475310087204,"y":0.05042502284049988,"z":-0.009358236566185952,"w":0.9819709658622742},"size":7.494253158569336,"orthographic":false}