{"cameraMode":{"drawMode":0,"name":"Shaded","section":"Shading Mode"},"sceneLighting":false,"audioPlay":false,"sceneViewState":{"m_AlwaysRefresh":false,"showFog":true,"showSkybox":false,"showFlares":true,"showImageEffects":true,"showParticleSystems":true,"showVisualEffectGraphs":true,"m_FxEnabled":true},"in2DMode":false,"pivot":{"x":-6.5269670486450199,"y":0.09000003337860108,"z":-15.873781204223633},"rotation":{"x":0.1820475310087204,"y":0.05042502284049988,"z":-0.009358236566185952,"w":0.9819709658622742},"size":3.84969425201416,"orthographic":false}