{"cameraMode":{"drawMode":0,"name":"Shaded","section":"Shading Mode"},"sceneLighting":false,"audioPlay":false,"sceneViewState":{"m_AlwaysRefresh":false,"showFog":true,"showSkybox":false,"showFlares":true,"showImageEffects":true,"showParticleSystems":true,"showVisualEffectGraphs":true,"m_FxEnabled":true},"in2DMode":false,"pivot":{"x":-0.2342449575662613,"y":3.896407127380371,"z":-2.7420647144317629},"rotation":{"x":0.20616774260997773,"y":-0.4257494807243347,"z":0.10026688128709793,"w":0.8753384947776794},"size":3.4274110794067385,"orthographic":false}